{
    "rfc": {
        "wine": {
            "best_f1": 0.9793170510243364,
            "best_params": {
                "n_estimators": 250,
                "max_depth": 20,
                "min_samples_split": 15,
                "min_samples_leaf": 6,
                "max_features": "sqrt"
            },
            "tuning_duration_min": 0.2509794155756632,
            "emissions_kg": 5.4876907548756674e-05,
            "n_trials": 5
        },
        "credit": {
            "best_f1": 0.8000881010163685,
            "best_params": {
                "n_estimators": 172,
                "max_depth": 6,
                "min_samples_split": 7,
                "min_samples_leaf": 6,
                "max_features": null
            },
            "tuning_duration_min": 0.28466330766677855,
            "emissions_kg": 7.431234473968687e-05,
            "n_trials": 5
        },
        "higgs": {
            "best_f1": 0.7230701918576655,
            "best_params": {
                "n_estimators": 500,
                "max_depth": 18,
                "min_samples_split": 13,
                "min_samples_leaf": 4,
                "max_features": "sqrt"
            },
            "tuning_duration_min": 17.7341912150383,
            "emissions_kg": 0.013347132650160428,
            "n_trials": 20
        }
    },
    "xgb": {
        "wine": {
            "best_f1": 0.9793170510243364,
            "best_params": {
                "n_estimators": 123,
                "max_depth": 8,
                "learning_rate": 0.07725378389307355,
                "subsample": 0.8832290311184181,
                "colsample_bytree": 0.608233797718321,
                "min_child_weight": 10
            },
            "tuning_duration_min": 0.354585325717926,
            "emissions_kg": 0.00011974966139306953,
            "n_trials": 5
        },
        "credit": {
            "best_f1": 0.7986486032822745,
            "best_params": {
                "n_estimators": 433,
                "max_depth": 4,
                "learning_rate": 0.01855998084649059,
                "subsample": 0.6733618039413735,
                "colsample_bytree": 0.7216968971838151,
                "min_child_weight": 6
            },
            "tuning_duration_min": 0.33954342603683474,
            "emissions_kg": 0.00012285701718639752,
            "n_trials": 5
        },
        "higgs": {
            "best_f1": 0.6979364449498949,
            "best_params": {
                "n_estimators": 282,
                "max_depth": 7,
                "learning_rate": 0.019721610970574007,
                "subsample": 0.8056937753654446,
                "colsample_bytree": 0.836965827544817,
                "min_child_weight": 1
            },
            "tuning_duration_min": 0.3602081735928853,
            "emissions_kg": 0.00013984094626704044,
            "n_trials": 5
        }
    },
    "mlp": {
        "wine": {
            "best_f1": 0.985974025974026,
            "best_params": {
                "n_layers": 1,
                "layer_0": 512,
                "dropout_rate": 0.13567451588694796,
                "lr": 0.030634622106220845,
                "batch_size": 8192
            },
            "tuning_duration_min": 0.24368016719818114,
            "emissions_kg": 5.8487726453334985e-05,
            "n_trials": 5
        },
        "credit": {
            "best_f1": 0.8010865423412717,
            "best_params": {
                "n_layers": 2,
                "layer_0": 64,
                "layer_1": 128,
                "dropout_rate": 0.4744427686266666,
                "lr": 0.07886714129990492,
                "batch_size": 1024
            },
            "tuning_duration_min": 0.440744948387146,
            "emissions_kg": 0.000142187993500824,
            "n_trials": 5
        },
        "higgs": {
            "best_f1": 0.6321542456913434,
            "best_params": {
                "n_layers": 2,
                "layer_0": 64,
                "layer_1": 128,
                "dropout_rate": 0.4744427686266666,
                "lr": 0.07886714129990492,
                "batch_size": 1024
            },
            "tuning_duration_min": 0.44428057670593263,
            "emissions_kg": 0.00014380745702113025,
            "n_trials": 5
        }
    }
}