{
    "best_f1": 0.6730434985288717,
    "best_params": {
        "n_layers": 2,
        "layer_0": 64,
        "layer_1": 64,
        "dropout_rate": 0.4330880728874676,
        "lr": 0.006358358856676255,
        "batch_size": 16384
    },
    "tuning_duration_min": 0.34075634876887,
    "dataset": "higgs"
}