{
    "rfc": {
        "wine": {
            "best_f1": 0.9831276236225485,
            "best_params": {
                "n_estimators": 250,
                "max_depth": 20,
                "min_samples_split": 15,
                "min_samples_leaf": 6,
                "max_features": "sqrt"
            },
            "tuning_duration_min": 1.1539910395940145,
            "emissions_kg": 0.00043482970337255076,
            "n_trials": 40
        },
        "credit": {
            "best_f1": 0.8000648463446538,
            "best_params": {
                "n_estimators": 495,
                "max_depth": 20,
                "min_samples_split": 17,
                "min_samples_leaf": 3,
                "max_features": null
            },
            "tuning_duration_min": 13.555859073003132,
            "emissions_kg": 0.009839054206119593,
            "n_trials": 40
        },
        "higgs": {
            "best_f1": 0.7230701918576655,
            "best_params": {
                "n_estimators": 500,
                "max_depth": 18,
                "min_samples_split": 13,
                "min_samples_leaf": 4,
                "max_features": "sqrt"
            },
            "tuning_duration_min": 17.7341912150383,
            "emissions_kg": 0.013347132650160428,
            "n_trials": 20
        }
    },
    "xgb": {
        "wine": {
            "best_f1": 0.9888000274857418,
            "best_params": {
                "n_estimators": 273,
                "max_depth": 4,
                "learning_rate": 0.08012737503998542,
                "subsample": 0.6557975442608167,
                "colsample_bytree": 0.7168578594140873,
                "min_child_weight": 4
            },
            "tuning_duration_min": 2.027081286907196,
            "emissions_kg": 0.0008888873347720863,
            "n_trials": 40
        },
        "credit": {
            "best_f1": 0.8008083098844094,
            "best_params": {
                "n_estimators": 452,
                "max_depth": 3,
                "learning_rate": 0.04106565253041289,
                "subsample": 0.731902887221781,
                "colsample_bytree": 0.6901421268330118,
                "min_child_weight": 7
            },
            "tuning_duration_min": 2.1377188046773274,
            "emissions_kg": 0.001014463480691741,
            "n_trials": 40
        },
        "higgs": {
            "best_f1": 0.7596709963149594,
            "best_params": {
                "n_estimators": 406,
                "max_depth": 8,
                "learning_rate": 0.22633275750676643,
                "subsample": 0.8910149050713664,
                "colsample_bytree": 0.8221793639442114,
                "min_child_weight": 3
            },
            "tuning_duration_min": 49.91649300257365,
            "emissions_kg": 0.05092263998403374,
            "n_trials": 40
        }
    },
    "mlp": {
        "wine": {
            "best_f1": 0.9943074829931973,
            "best_params": {
                "n_layers": 1,
                "layer_0": 128,
                "dropout_rate": 0.2936489673721824,
                "lr": 0.002975512015326144,
                "batch_size": 1024
            },
            "tuning_duration_min": 0.6696336746215821,
            "emissions_kg": 0.00025868201475339375,
            "n_trials": 40
        },
        "credit": {
            "best_f1": 0.8043510240064462,
            "best_params": {
                "n_layers": 4,
                "layer_0": 512,
                "layer_1": 64,
                "layer_2": 128,
                "layer_3": 256,
                "dropout_rate": 0.3689752853190228,
                "lr": 0.00016181930237222175,
                "batch_size": 1024
            },
            "tuning_duration_min": 15.616562767823536,
            "emissions_kg": 0.006628973477241173,
            "n_trials": 40
        },
        "higgs": {
            "best_f1": 0.7872621596056704,
            "best_params": {
                "n_layers": 3,
                "layer_0": 512,
                "layer_1": 256,
                "layer_2": 512,
                "dropout_rate": 0.03340561801087494,
                "lr": 0.00767153768322141,
                "batch_size": 8192
            },
            "tuning_duration_min": 5723.651780231794,
            "emissions_kg": 2.470909030114778,
            "n_trials": 40
        }
    }
}